"degree.layout","name","selected","shared name"
"52","EGFR","false","EGFR"
"47","EGF","false","EGF"
"45","MAPK3","false","MAPK3"
,"VIM","false","VIM"
"60","STAT3","false","STAT3"
"16","IRF3","false","IRF3"
"60","AKT1","false","AKT1"
,"MTOR","false","MTOR"
"36","MMP9","false","MMP9"
,"SNAI2","false","SNAI2"
"37","AR","false","AR"
,"IRF2","false","IRF2"
,"STAT5B","false","STAT5B"
"36","NOTCH1","false","NOTCH1"
"29","SMAD4","false","SMAD4"
,"SMAD2","false","SMAD2"
,"PPARG","false","PPARG"
,"RB1","false","RB1"
"34","ERBB2","false","ERBB2"
"26","LCK","false","LCK"
"30","CASP3","false","CASP3"
,"IL12RB1","false","IL12RB1"
"38","GAPDH","false","GAPDH"
,"SNAI1","false","SNAI1"
,"MAPK12","false","MAPK12"
,"CD40","false","CD40"
"7","OAS1","false","OAS1"
,"IFNAR1","false","IFNAR1"
,"CXCL10","false","CXCL10"
,"IRF7","false","IRF7"
"57","JUN","false","JUN"
,"ZEB1","false","ZEB1"
"27","IL10","false","IL10"
,"CCL5","false","CCL5"
,"TRIM25","false","TRIM25"
"28","SMAD3","false","SMAD3"
,"BCL6","false","BCL6"
"27","CXCR4","false","CXCR4"
"30","CXCL12","false","CXCL12"
"23","PSMB8","false","PSMB8"
,"CDKN2A","false","CDKN2A"
"49","MAPK1","false","MAPK1"
"34","PTPN11","false","PTPN11"
,"MAML2","false","MAML2"
,"RBPJ","false","RBPJ"
,"SMAD7","false","SMAD7"
"75","TP53","false","TP53"
"26","JAK1","false","JAK1"
"37","CDK1","false","CDK1"
"49","EP300","false","EP300"
,"IRF9","false","IRF9"
,"IL12A","false","IL12A"
,"IL12B","false","IL12B"
"22","IL4","false","IL4"
"37","JAK2","false","JAK2"
"28","STAT5A","false","STAT5A"
"29","CSF2","false","CSF2"
"52","VEGFA","false","VEGFA"
,"FADD","false","FADD"
,"BCR","false","BCR"
"44","SRC","false","SRC"
"29","IL1B","false","IL1B"
"40","CREBBP","false","CREBBP"
"28","HDAC1","false","HDAC1"
,"PDGFRB","false","PDGFRB"
,"CD274","false","CD274"
,"PLCG1","false","PLCG1"
,"IFNB1","false","IFNB1"
"23","PTK2","false","PTK2"
,"NOTCH3","false","NOTCH3"
"48","IL6","false","IL6"
"42","CTNNB1","false","CTNNB1"
,"LEF1","false","LEF1"
"27","CUL1","false","CUL1"
,"SKP2","false","SKP2"
"47","MAPK8","false","MAPK8"
"40","CDH1","false","CDH1"
,"GSK3B","false","GSK3B"
"25","RBX1","false","RBX1"
,"PSMB9","false","PSMB9"
"36","STAT1","false","STAT1"
,"FOXP3","false","FOXP3"
,"IL2RG","false","IL2RG"
,"IL2RB","false","IL2RB"
,"TCF3","false","TCF3"
,"MAML1","false","MAML1"
"39","TNF","false","TNF"
,"ATF4","false","ATF4"
,"FGFR1","false","FGFR1"
"32","SIRT1","false","SIRT1"
"33","FGF2","false","FGF2"
,"SOX2","false","SOX2"
,"IFNGR1","false","IFNGR1"
,"IFNG","false","IFNG"
,"FGFR2","false","FGFR2"
"21","SOCS3","false","SOCS3"
"45","ESR1","false","ESR1"
,"IL2RA","false","IL2RA"
"33","IL2","false","IL2"
,"JAK3","false","JAK3"
