"degree.layout","name","selected","shared name"
"52","EGFR","false","EGFR"
"47","EGF","false","EGF"
"45","MAPK3","false","MAPK3"
"34","BRCA1","false","BRCA1"
"60","STAT3","false","STAT3"
"38","PTEN","false","PTEN"
"60","AKT1","false","AKT1"
"16","IRF3","false","IRF3"
"36","MMP9","false","MMP9"
"37","AR","false","AR"
"36","NOTCH1","false","NOTCH1"
"29","SMAD4","false","SMAD4"
"34","ERBB2","false","ERBB2"
"26","LCK","false","LCK"
"30","CASP3","false","CASP3"
"25","SUMO1","false","SUMO1"
"23","UBE2I","false","UBE2I"
"36","FN1","false","FN1"
"38","GAPDH","false","GAPDH"
"46","HRAS","false","HRAS"
"28","ALB","false","ALB"
"34","PIK3CA","false","PIK3CA"
"27","CCL2","false","CCL2"
"35","IGF1","false","IGF1"
"23","APP","false","APP"
"57","JUN","false","JUN"
"27","IL10","false","IL10"
"30","PCNA","false","PCNA"
"28","SMAD3","false","SMAD3"
"38","CCNA2","false","CCNA2"
"27","CXCR4","false","CXCR4"
"30","CXCL12","false","CXCL12"
"23","PSMB8","false","PSMB8"
"49","MAPK1","false","MAPK1"
"34","PTPN11","false","PTPN11"
"27","TLR4","false","TLR4"
"75","TP53","false","TP53"
"26","JAK1","false","JAK1"
"39","KRAS","false","KRAS"
"26","RAD51","false","RAD51"
"37","CDK1","false","CDK1"
"49","EP300","false","EP300"
"29","AURKA","false","AURKA"
"30","CHEK1","false","CHEK1"
"20","MAD2L1","false","MAD2L1"
"32","NFKB1","false","NFKB1"
"24","RFC4","false","RFC4"
"51","CCND1","false","CCND1"
"28","PLK1","false","PLK1"
"33","H2AFX","false","H2AFX"
"35","CCNB1","false","CCNB1"
"58","MYC","false","MYC"
"22","IL4","false","IL4"
"13","B2M","false","B2M"
"37","JAK2","false","JAK2"
"28","STAT5A","false","STAT5A"
"29","CSF2","false","CSF2"
"52","VEGFA","false","VEGFA"
"44","SRC","false","SRC"
"29","IL1B","false","IL1B"
"40","CREBBP","false","CREBBP"
"28","HDAC1","false","HDAC1"
"23","KAT2B","false","KAT2B"
"19","RPA2","false","RPA2"
"24","CDC20","false","CDC20"
"30","KAT5","false","KAT5"
"32","HGF","false","HGF"
"24","AURKB","false","AURKB"
"21","CCNB2","false","CCNB2"
"31","CDKN1A","false","CDKN1A"
"16","KIF11","false","KIF11"
"23","PTK2","false","PTK2"
"48","IL6","false","IL6"
"43","CDK2","false","CDK2"
"19","RBBP4","false","RBBP4"
"37","CXCL8","false","CXCL8"
"42","CTNNB1","false","CTNNB1"
"27","CUL1","false","CUL1"
"40","CDH1","false","CDH1"
"47","MAPK8","false","MAPK8"
"26","NRAS","false","NRAS"
"25","RBX1","false","RBX1"
"26","CDC6","false","CDC6"
"36","STAT1","false","STAT1"
"18","POLR2A","false","POLR2A"
"39","TNF","false","TNF"
"32","EZH2","false","EZH2"
"28","PPP2R1A","false","PPP2R1A"
"18","TP53BP1","false","TP53BP1"
"32","ATM","false","ATM"
"32","SIRT1","false","SIRT1"
"33","FGF2","false","FGF2"
"28","CD44","false","CD44"
"27","ICAM1","false","ICAM1"
"21","SOCS3","false","SOCS3"
"45","ESR1","false","ESR1"
"22","BUB1B","false","BUB1B"
"20","HDAC2","false","HDAC2"
"33","IL2","false","IL2"
"26","UBE2C","false","UBE2C"
