Gene ID	Symbol	Name	Cytoband	# SSM Affected Cases in Cohort	# SSM Affected Cases Across the GDC	# CNV Gain	# CNV Loss	# Mutations	Annotations	Survival
ENSG00000121879	PIK3CA	phosphatidylinositol-4,5-bisphosphate 3-kinase, catalytic subunit alpha	3q26.32	85 / 280 (30.36%)	1,416 / 11,519	57 / 284 (20.07%)	20 / 284 (7.04%)	34	Cancer Gene Census	add to survival plot
ENSG00000100393	EP300	E1A binding protein p300	22q13.2	41 / 280 (14.64%)	533 / 11,519	7 / 284 (2.46%)	14 / 284 (4.93%)	52	Cancer Gene Census	add to survival plot
ENSG00000171862	PTEN	phosphatase and tensin homolog	10q23.31	35 / 280 (12.50%)	1,037 / 11,519	3 / 284 (1.06%)	22 / 284 (7.75%)	49	Cancer Gene Census	add to survival plot
ENSG00000005339	CREBBP	CREB binding protein	16p13.3	31 / 280 (11.07%)	604 / 11,519	19 / 284 (6.69%)	2 / 284 (0.70%)	41	Cancer Gene Census	add to survival plot
ENSG00000148400	NOTCH1	notch 1	9q34.3	25 / 280 (8.93%)	529 / 11,519	21 / 284 (7.39%)	5 / 284 (1.76%)	43	Cancer Gene Census	add to survival plot
ENSG00000141510	TP53	tumor protein p53	17p13.1	24 / 280 (8.57%)	4,089 / 11,519	0 / 284 (0.00%)	9 / 284 (3.17%)	30	Cancer Gene Census	add to survival plot
ENSG00000133703	KRAS	Kirsten rat sarcoma viral oncogene homolog	12p12.1	23 / 280 (8.21%)	1,090 / 11,519	2 / 284 (0.70%)	2 / 284 (0.70%)	15	Cancer Gene Census	add to survival plot
ENSG00000141736	ERBB2	erb-b2 receptor tyrosine kinase 2	17q12	17 / 280 (6.07%)	362 / 11,519	23 / 284 (8.10%)	3 / 284 (1.06%)	18	Cancer Gene Census	add to survival plot
ENSG00000067369	TP53BP1	tumor protein p53 binding protein 1	15q15.3	17 / 280 (6.07%)	353 / 11,519	2 / 284 (0.70%)	23 / 284 (8.10%)	17		add to survival plot
ENSG00000141646	SMAD4	SMAD family member 4	18q21.2	16 / 280 (5.71%)	366 / 11,519	1 / 284 (0.35%)	12 / 284 (4.23%)	16	Cancer Gene Census	add to survival plot
ENSG00000169083	AR	androgen receptor	Xq12	16 / 280 (5.71%)	336 / 11,519	7 / 284 (2.46%)	4 / 284 (1.41%)	17	Cancer Gene Census	add to survival plot
ENSG00000100030	MAPK1	mitogen-activated protein kinase 1	22q11.22	16 / 280 (5.71%)	138 / 11,519	11 / 284 (3.87%)	3 / 284 (1.06%)	7		add to survival plot
ENSG00000181222	POLR2A	polymerase (RNA) II (DNA directed) polypeptide A, 220kDa	17p13.1	14 / 280 (5.00%)	317 / 11,519	0 / 284 (0.00%)	9 / 284 (3.17%)	20		add to survival plot
ENSG00000146648	EGFR	epidermal growth factor receptor	7p11.2	14 / 280 (5.00%)	577 / 11,519	11 / 284 (3.87%)	0 / 284 (0.00%)	17	Cancer Gene Census	add to survival plot
ENSG00000012048	BRCA1	breast cancer 1, early onset	17q21.31	14 / 280 (5.00%)	341 / 11,519	4 / 284 (1.41%)	7 / 284 (2.46%)	16	Cancer Gene Census	add to survival plot
ENSG00000149311	ATM	ATM serine/threonine kinase	11q22.3	14 / 280 (5.00%)	669 / 11,519	2 / 284 (0.70%)	45 / 284 (15.85%)	17	Cancer Gene Census	add to survival plot
ENSG00000115414	FN1	fibronectin 1	2q35	12 / 280 (4.29%)	552 / 11,519	3 / 284 (1.06%)	71 / 284 (25.00%)	18		add to survival plot
ENSG00000091831	ESR1	estrogen receptor 1	6q25.1, 6q25.2	11 / 280 (3.93%)	238 / 11,519	5 / 284 (1.76%)	23 / 284 (8.10%)	11	Cancer Gene Census	add to survival plot
ENSG00000055130	CUL1	cullin 1	7q36.1	11 / 280 (3.93%)	211 / 11,519	6 / 284 (2.11%)	24 / 284 (8.45%)	12		add to survival plot
ENSG00000105568	PPP2R1A	protein phosphatase 2, regulatory subunit A, alpha	19q13.41	11 / 280 (3.93%)	275 / 11,519	16 / 284 (5.63%)	16 / 284 (5.63%)	11	Cancer Gene Census	add to survival plot
ENSG00000112715	VEGFA	vascular endothelial growth factor A	6p21.1	9 / 280 (3.21%)	194 / 11,519	13 / 284 (4.58%)	3 / 284 (1.06%)	10		add to survival plot
ENSG00000162521	RBBP4	retinoblastoma binding protein 4	1p35.1	9 / 280 (3.21%)	192 / 11,519	9 / 284 (3.17%)	12 / 284 (4.23%)	12		add to survival plot
ENSG00000166949	SMAD3	SMAD family member 3	15q22.33	9 / 280 (3.21%)	180 / 11,519	12 / 284 (4.23%)	4 / 284 (1.41%)	12	Cancer Gene Census	add to survival plot
ENSG00000168610	STAT3	signal transducer and activator of transcription 3 (acute-phase response factor)	17q21.2	9 / 280 (3.21%)	239 / 11,519	6 / 284 (2.11%)	6 / 284 (2.11%)	11	Cancer Gene Census	add to survival plot
ENSG00000168036	CTNNB1	catenin (cadherin-associated protein), beta 1, 88kDa	3p22.1	9 / 280 (3.21%)	498 / 11,519	4 / 284 (1.41%)	9 / 284 (3.17%)	10	Cancer Gene Census	add to survival plot
ENSG00000142208	AKT1	v-akt murine thymoma viral oncogene homolog 1	14q32.33	9 / 280 (3.21%)	160 / 11,519	11 / 284 (3.87%)	16 / 284 (5.63%)	6	Cancer Gene Census	add to survival plot
ENSG00000184557	SOCS3	suppressor of cytokine signaling 3	17q25.3	9 / 280 (3.21%)	74 / 11,519	20 / 284 (7.04%)	13 / 284 (4.58%)	16		add to survival plot
ENSG00000096968	JAK2	Janus kinase 2	9p24.1	9 / 280 (3.21%)	230 / 11,519	15 / 284 (5.28%)	9 / 284 (3.17%)	11	Cancer Gene Census	add to survival plot
ENSG00000136997	MYC	v-myc avian myelocytomatosis viral oncogene homolog	8q24.21	8 / 280 (2.86%)	160 / 11,519	37 / 284 (13.03%)	2 / 284 (0.70%)	8	Cancer Gene Census	add to survival plot
ENSG00000019991	HGF	hepatocyte growth factor (hepapoietin A; scatter factor)	7q21.11	8 / 280 (2.86%)	372 / 11,519	9 / 284 (3.17%)	5 / 284 (1.76%)	8		add to survival plot
ENSG00000177606	JUN	jun proto-oncogene	1p32.1	8 / 280 (2.86%)	129 / 11,519	12 / 284 (4.23%)	6 / 284 (2.11%)	9	Cancer Gene Census	add to survival plot
ENSG00000196591	HDAC2	histone deacetylase 2	6q21	7 / 280 (2.50%)	125 / 11,519	2 / 284 (0.70%)	10 / 284 (3.52%)	9		add to survival plot
ENSG00000164305	CASP3	caspase 3, apoptosis-related cysteine peptidase	4q35.1	7 / 280 (2.50%)	87 / 11,519	6 / 284 (2.11%)	22 / 284 (7.75%)	9		add to survival plot
ENSG00000156970	BUB1B	BUB1 mitotic checkpoint serine/threonine kinase B	15q15.1	7 / 280 (2.50%)	160 / 11,519	1 / 284 (0.35%)	25 / 284 (8.80%)	7	Cancer Gene Census	add to survival plot
ENSG00000197122	SRC	SRC proto-oncogene, non-receptor tyrosine kinase	20q11.23	7 / 280 (2.50%)	136 / 11,519	11 / 284 (3.87%)	2 / 284 (0.70%)	11		add to survival plot
ENSG00000138160	KIF11	kinesin family member 11	10q23.33	7 / 280 (2.50%)	137 / 11,519	2 / 284 (0.70%)	13 / 284 (4.58%)	7		add to survival plot
ENSG00000166710	B2M	beta-2-microglobulin	15q21.1	7 / 280 (2.50%)	176 / 11,519	2 / 284 (0.70%)	24 / 284 (8.45%)	7		add to survival plot
ENSG00000103275	UBE2I	ubiquitin-conjugating enzyme E2I	16p13.3	6 / 280 (2.14%)	97 / 11,519	17 / 284 (5.99%)	11 / 284 (3.87%)	8		add to survival plot
ENSG00000169398	PTK2	protein tyrosine kinase 2	8q24.3	6 / 280 (2.14%)	252 / 11,519	33 / 284 (11.62%)	5 / 284 (1.76%)	6		add to survival plot
ENSG00000162434	JAK1	Janus kinase 1	1p31.3	6 / 280 (2.14%)	307 / 11,519	8 / 284 (2.82%)	5 / 284 (1.76%)	11	Cancer Gene Census	add to survival plot
ENSG00000087586	AURKA	aurora kinase A	20q13.2	6 / 280 (2.14%)	70 / 11,519	5 / 284 (1.76%)	4 / 284 (1.41%)	9		add to survival plot
ENSG00000188486	H2AFX	H2A histone family, member X	11q23.3	6 / 280 (2.14%)	63 / 11,519	1 / 284 (0.35%)	53 / 284 (18.66%)	6		add to survival plot
ENSG00000124762	CDKN1A	cyclin-dependent kinase inhibitor 1A (p21, Cip1)	6p21.2	6 / 280 (2.14%)	132 / 11,519	16 / 284 (5.63%)	4 / 284 (1.41%)	7		add to survival plot
ENSG00000172977	KAT5	K(lysine) acetyltransferase 5	11q13.1	5 / 280 (1.79%)	126 / 11,519	41 / 284 (14.44%)	3 / 284 (1.06%)	6		add to survival plot
ENSG00000109320	NFKB1	nuclear factor of kappa light polypeptide gene enhancer in B-cells 1	4q24	5 / 280 (1.79%)	170 / 11,519	4 / 284 (1.41%)	2 / 284 (0.70%)	5		add to survival plot
ENSG00000204264	PSMB8	proteasome (prosome, macropain) subunit, beta type, 8	6p21.32	5 / 280 (1.79%)	107 / 11,519	23 / 284 (8.10%)	2 / 284 (0.70%)	5		add to survival plot
ENSG00000138798	EGF	epidermal growth factor	4q25	5 / 280 (1.79%)	289 / 11,519	4 / 284 (1.41%)	3 / 284 (1.06%)	5		add to survival plot
ENSG00000126456	IRF3	interferon regulatory factor 3	19q13.33	5 / 280 (1.79%)	105 / 11,519	11 / 284 (3.87%)	15 / 284 (5.28%)	4		add to survival plot
ENSG00000145386	CCNA2	cyclin A2	4q27	5 / 280 (1.79%)	95 / 11,519	3 / 284 (1.06%)	9 / 284 (3.17%)	5		add to survival plot
ENSG00000114166	KAT2B	K(lysine) acetyltransferase 2B	3p24.3	5 / 280 (1.79%)	204 / 11,519	3 / 284 (1.06%)	6 / 284 (2.11%)	5		add to survival plot
ENSG00000116030	SUMO1	small ubiquitin-like modifier 1	2q33.1	5 / 280 (1.79%)	52 / 11,519	10 / 284 (3.52%)	44 / 284 (15.49%)	5		add to survival plot
ENSG00000026508	CD44	CD44 molecule (Indian blood group)	11p13	5 / 280 (1.79%)	145 / 11,519	19 / 284 (6.69%)	1 / 284 (0.35%)	6		add to survival plot
ENSG00000136244	IL6	interleukin 6	7p15.3	5 / 280 (1.79%)	96 / 11,519	3 / 284 (1.06%)	1 / 284 (0.35%)	5		add to survival plot
ENSG00000126561	STAT5A	signal transducer and activator of transcription 5A	17q21.2	5 / 280 (1.79%)	146 / 11,519	5 / 284 (1.76%)	7 / 284 (2.46%)	5		add to survival plot
ENSG00000136869	TLR4	toll-like receptor 4	9q33.1	5 / 280 (1.79%)	427 / 11,519	8 / 284 (2.82%)	2 / 284 (0.70%)	5		add to survival plot
ENSG00000090339	ICAM1	intercellular adhesion molecule 1	19p13.2	4 / 280 (1.43%)	126 / 11,519	14 / 284 (4.93%)	15 / 284 (5.28%)	4		add to survival plot
ENSG00000110092	CCND1	cyclin D1	11q13.3	4 / 280 (1.43%)	165 / 11,519	35 / 284 (12.32%)	1 / 284 (0.35%)	3	Cancer Gene Census	add to survival plot
ENSG00000106462	EZH2	enhancer of zeste 2 polycomb repressive complex 2 subunit	7q36.1	4 / 280 (1.43%)	210 / 11,519	6 / 284 (2.11%)	25 / 284 (8.80%)	5	Cancer Gene Census	add to survival plot
ENSG00000107643	MAPK8	mitogen-activated protein kinase 8	10q11.22	4 / 280 (1.43%)	123 / 11,519	7 / 284 (2.46%)	6 / 284 (2.11%)	4		add to survival plot
ENSG00000213281	NRAS	neuroblastoma RAS viral (v-ras) oncogene homolog	1p13.2	4 / 280 (1.43%)	533 / 11,519	1 / 284 (0.35%)	28 / 284 (9.86%)	5	Cancer Gene Census	add to survival plot
ENSG00000039068	CDH1	cadherin 1, type 1, E-cadherin (epithelial)	16q22.1	4 / 280 (1.43%)	397 / 11,519	6 / 284 (2.11%)	4 / 284 (1.41%)	6	Cancer Gene Census	add to survival plot
ENSG00000115415	STAT1	signal transducer and activator of transcription 1, 91kDa	2q32.2	4 / 280 (1.43%)	212 / 11,519	15 / 284 (5.28%)	6 / 284 (2.11%)	6		add to survival plot
ENSG00000182866	LCK	LCK proto-oncogene, Src family tyrosine kinase	1p35.2	4 / 280 (1.43%)	158 / 11,519	9 / 284 (3.17%)	11 / 284 (3.87%)	4	Cancer Gene Census	add to survival plot
ENSG00000135679	MDM2	MDM2 proto-oncogene, E3 ubiquitin protein ligase	12q15	4 / 280 (1.43%)	111 / 11,519	8 / 284 (2.82%)	3 / 284 (1.06%)	4	Cancer Gene Census	add to survival plot
ENSG00000179295	PTPN11	protein tyrosine phosphatase, non-receptor type 11	12q24.13	4 / 280 (1.43%)	209 / 11,519	5 / 284 (1.76%)	7 / 284 (2.46%)	4	Cancer Gene Census	add to survival plot
ENSG00000096717	SIRT1	sirtuin 1	10q21.3	4 / 280 (1.43%)	141 / 11,519	5 / 284 (1.76%)	3 / 284 (1.06%)	4		add to survival plot
ENSG00000138685	FGF2	fibroblast growth factor 2 (basic)	4q28.1	4 / 280 (1.43%)	98 / 11,519	3 / 284 (1.06%)	9 / 284 (3.17%)	7		add to survival plot
ENSG00000169429	CXCL8	chemokine (C-X-C motif) ligand 8	4q13.3	3 / 280 (1.07%)	52 / 11,519	18 / 284 (6.34%)	4 / 284 (1.41%)	3		add to survival plot
ENSG00000149554	CHEK1	checkpoint kinase 1	11q24.2	3 / 280 (1.07%)	113 / 11,519	0 / 284 (0.00%)	52 / 284 (18.31%)	3		add to survival plot
ENSG00000111640	GAPDH	glyceraldehyde-3-phosphate dehydrogenase	12p13.31	3 / 280 (1.07%)	83 / 11,519	6 / 284 (2.11%)	6 / 284 (2.11%)	3		add to survival plot
ENSG00000100387	RBX1	ring-box 1, E3 ubiquitin protein ligase	22q13.2	3 / 280 (1.07%)	35 / 11,519	7 / 284 (2.46%)	10 / 284 (3.52%)	4		add to survival plot
ENSG00000017427	IGF1	insulin-like growth factor 1 (somatomedin C)	12q23.2	3 / 280 (1.07%)	100 / 11,519	4 / 284 (1.41%)	4 / 284 (1.41%)	3		add to survival plot
ENSG00000102882	MAPK3	mitogen-activated protein kinase 3	16p11.2	3 / 280 (1.07%)	98 / 11,519	4 / 284 (1.41%)	4 / 284 (1.41%)	4		add to survival plot
ENSG00000132646	PCNA	proliferating cell nuclear antigen	20p12.3	3 / 280 (1.07%)	59 / 11,519	7 / 284 (2.46%)	6 / 284 (2.11%)	3		add to survival plot
ENSG00000107562	CXCL12	chemokine (C-X-C motif) ligand 12	10q11.21	3 / 280 (1.07%)	159 / 11,519	7 / 284 (2.46%)	3 / 284 (1.06%)	3		add to survival plot
ENSG00000163918	RFC4	replication factor C (activator 1) 4, 37kDa	3q27.3	3 / 280 (1.07%)	113 / 11,519	54 / 284 (19.01%)	3 / 284 (1.06%)	3		add to survival plot
ENSG00000166851	PLK1	polo-like kinase 1	16p12.2	3 / 280 (1.07%)	165 / 11,519	4 / 284 (1.41%)	1 / 284 (0.35%)	3		add to survival plot
ENSG00000164109	MAD2L1	MAD2 mitotic arrest deficient-like 1 (yeast)	4q27	2 / 280 (0.71%)	64 / 11,519	3 / 284 (1.06%)	9 / 284 (3.17%)	2		add to survival plot
ENSG00000136634	IL10	interleukin 10	1q32.1	2 / 280 (0.71%)	71 / 11,519	9 / 284 (3.17%)	2 / 284 (0.70%)	2		add to survival plot
ENSG00000178999	AURKB	aurora kinase B	17p13.1	2 / 280 (0.71%)	75 / 11,519	0 / 284 (0.00%)	8 / 284 (2.82%)	2		add to survival plot
ENSG00000100985	MMP9	matrix metallopeptidase 9	20q13.12	2 / 280 (0.71%)	203 / 11,519	3 / 284 (1.06%)	10 / 284 (3.52%)	3		add to survival plot
ENSG00000174775	HRAS	Harvey rat sarcoma viral oncogene homolog	11p15.5	2 / 280 (0.71%)	161 / 11,519	5 / 284 (1.76%)	7 / 284 (2.46%)	2	Cancer Gene Census	add to survival plot
ENSG00000170312	CDK1	cyclin-dependent kinase 1	10q21.2	2 / 280 (0.71%)	87 / 11,519	7 / 284 (2.46%)	3 / 284 (1.06%)	2		add to survival plot
ENSG00000094804	CDC6	cell division cycle 6	17q21.2	2 / 280 (0.71%)	104 / 11,519	7 / 284 (2.46%)	7 / 284 (2.46%)	2		add to survival plot
ENSG00000134057	CCNB1	cyclin B1	5q13.2	2 / 280 (0.71%)	83 / 11,519	0 / 284 (0.00%)	14 / 284 (4.93%)	2		add to survival plot
ENSG00000142192	APP	amyloid beta (A4) precursor protein	21q21.3	2 / 280 (0.71%)	213 / 11,519	2 / 284 (0.70%)	9 / 284 (3.17%)	3		add to survival plot
ENSG00000051180	RAD51	RAD51 recombinase	15q15.1	2 / 280 (0.71%)	68 / 11,519	1 / 284 (0.35%)	27 / 284 (9.51%)	2		add to survival plot
ENSG00000163631	ALB	albumin	4q13.3	2 / 280 (0.71%)	265 / 11,519	13 / 284 (4.58%)	4 / 284 (1.41%)	2		add to survival plot
ENSG00000164400	CSF2	colony stimulating factor 2 (granulocyte-macrophage)	5q31.1	2 / 280 (0.71%)	41 / 11,519	5 / 284 (1.76%)	9 / 284 (3.17%)	2		add to survival plot
ENSG00000117399	CDC20	cell division cycle 20	1p34.2	2 / 280 (0.71%)	155 / 11,519	14 / 284 (4.93%)	3 / 284 (1.06%)	3		add to survival plot
ENSG00000123374	CDK2	cyclin-dependent kinase 2	12q13.2	2 / 280 (0.71%)	72 / 11,519	6 / 284 (2.11%)	1 / 284 (0.35%)	2		add to survival plot
ENSG00000175063	UBE2C	ubiquitin-conjugating enzyme E2C	20q13.12	2 / 280 (0.71%)	78 / 11,519	3 / 284 (1.06%)	9 / 284 (3.17%)	2		add to survival plot
ENSG00000113520	IL4	interleukin 4	5q31.1	1 / 280 (0.36%)	44 / 11,519	6 / 284 (2.11%)	9 / 284 (3.17%)	2		add to survival plot
ENSG00000108691	CCL2	chemokine (C-C motif) ligand 2	17q12	1 / 280 (0.36%)	50 / 11,519	1 / 284 (0.35%)	5 / 284 (1.76%)	1		add to survival plot
ENSG00000157456	CCNB2	cyclin B2	15q22.2	1 / 280 (0.36%)	60 / 11,519	8 / 284 (2.82%)	14 / 284 (4.93%)	1		add to survival plot
ENSG00000117748	RPA2	replication protein A2, 32kDa	1p35.3	1 / 280 (0.36%)	71 / 11,519	6 / 284 (2.11%)	23 / 284 (8.10%)	1		add to survival plot
ENSG00000232810	TNF	tumor necrosis factor	6p21.33	1 / 280 (0.36%)	69 / 11,519	23 / 284 (8.10%)	2 / 284 (0.70%)	1		add to survival plot
ENSG00000116478	HDAC1	histone deacetylase 1	1p35.2, 1p35.1	1 / 280 (0.36%)	98 / 11,519	9 / 284 (3.17%)	11 / 284 (3.87%)	1		add to survival plot
ENSG00000109471	IL2	interleukin 2	4q27	0 / 280 (0.00%)	50 / 11,519	3 / 284 (1.06%)	10 / 284 (3.52%)	0	Cancer Gene Census	add to survival plot
ENSG00000125538	IL1B	interleukin 1, beta	2q14.1	0 / 280 (0.00%)	97 / 11,519	3 / 284 (1.06%)	4 / 284 (1.41%)	0		add to survival plot