DNA Change	Type	Consequences	# Affected Cases in Cohort	# Affected Cases Across the GDC	Impact	Survival
chr3:g.179218303G>A	Substitution	Missense PIK3CA E545K	259 / 1,365,18.97%	259 / 11,519	VEP: MODERATE, SIFT: deleterious - score 0.02, PolyPhen: probably_damaging - score 0.959	add to survival plot
chr3:g.179234297A>G	Substitution	Missense PIK3CA H1047R	234 / 1,365,17.14%	234 / 11,519	VEP: MODERATE, SIFT: tolerated - score 0.11, PolyPhen: possibly_damaging - score 0.529	add to survival plot
chr3:g.179218294G>A	Substitution	Missense PIK3CA E542K	167 / 1,365,12.23%	167 / 11,519	VEP: MODERATE, SIFT: deleterious - score 0.04, PolyPhen: probably_damaging - score 0.96	add to survival plot
chr17:g.7673776G>A	Substitution	Missense TP53 R282W	90 / 1,365,6.59%	90 / 11,519	VEP: MODERATE, SIFT: deleterious - score 0, PolyPhen: probably_damaging - score 0.997	add to survival plot
chr3:g.179199088G>A	Substitution	Missense PIK3CA R88Q	68 / 1,365,4.98%	68 / 11,519	VEP: MODERATE, SIFT: tolerated - score 0.06, PolyPhen: probably_damaging - score 0.998	add to survival plot
chr17:g.7674945G>A	Substitution	Stop Gained TP53 R196*	53 / 1,365,3.88%	53 / 11,519	VEP: HIGH	add to survival plot
chr10:g.87933148G>A	Substitution	Missense PTEN R130Q	53 / 1,365,3.88%	53 / 11,519	VEP: MODERATE, SIFT: deleterious - score 0.02, PolyPhen: probably_damaging - score 0.989	add to survival plot
chr14:g.104780214C>T	Substitution	Missense AKT1 E17K	53 / 1,365,3.88%	53 / 11,519	VEP: MODERATE, SIFT: deleterious - score 0, PolyPhen: probably_damaging - score 0.999	add to survival plot
chr17:g.39711955C>T	Substitution	Missense ERBB2 S310F	38 / 1,365,2.78%	38 / 11,519	VEP: MODERATE, SIFT: deleterious - score 0, PolyPhen: probably_damaging - score 0.994	add to survival plot
chr3:g.179234297A>T	Substitution	Missense PIK3CA H1047L	37 / 1,365,2.71%	37 / 11,519	VEP: MODERATE, SIFT: tolerated - score 0.44, PolyPhen: benign - score 0.085	add to survival plot
chr15:g.44711583delCT	Deletion	Frameshift B2M L15Ffs*41	31 / 1,365,2.27%	31 / 11,519	VEP: HIGH	add to survival plot
chr3:g.179221146G>A	Substitution	Missense PIK3CA E726K	30 / 1,365,2.20%	30 / 11,519	VEP: MODERATE, SIFT: tolerated - score 0.36, PolyPhen: benign - score 0.4	add to survival plot
chr10:g.87933147C>T	Substitution	Stop Gained PTEN R130*	27 / 1,365,1.98%	27 / 11,519	VEP: HIGH	add to survival plot
chr17:g.7674957G>A	Substitution	Stop Gained TP53 Q192*	25 / 1,365,1.83%	25 / 11,519	VEP: HIGH	add to survival plot
chr17:g.7673767C>T	Substitution	Missense TP53 E285K	24 / 1,365,1.76%	24 / 11,519	VEP: MODERATE, SIFT: deleterious - score 0, PolyPhen: probably_damaging - score 0.985	add to survival plot
chr3:g.179210192T>C	Substitution	Missense PIK3CA C420R	23 / 1,365,1.68%	23 / 11,519	VEP: MODERATE, SIFT: tolerated - score 0.21, PolyPhen: possibly_damaging - score 0.893	add to survival plot
chr3:g.179218307A>G	Substitution	Missense PIK3CA Q546R	22 / 1,365,1.61%	22 / 11,519	VEP: MODERATE, SIFT: deleterious - score 0.02, PolyPhen: probably_damaging - score 0.984	add to survival plot
chr17:g.7673537G>A	Substitution	Stop Gained TP53 Q331*	22 / 1,365,1.61%	22 / 11,519	VEP: HIGH	add to survival plot
chr18:g.51065549G>A	Substitution	Missense SMAD4 R361H	21 / 1,365,1.54%	21 / 11,519	VEP: MODERATE, SIFT: deleterious - score 0.03, PolyPhen: probably_damaging - score 1	add to survival plot
chr3:g.179210291G>A	Substitution	Missense PIK3CA E453K	19 / 1,365,1.39%	19 / 11,519	VEP: MODERATE, SIFT: tolerated - score 0.06, PolyPhen: possibly_damaging - score 0.801	add to survival plot
chr22:g.21772875C>T	Substitution	Missense MAPK1 E322K	18 / 1,365,1.32%	18 / 11,519	VEP: MODERATE, SIFT: deleterious - score 0, PolyPhen: probably_damaging - score 0.999	add to survival plot
chr17:g.7673781C>T	Substitution	Missense TP53 R280K	18 / 1,365,1.32%	18 / 11,519	VEP: MODERATE, SIFT: deleterious - score 0.04, PolyPhen: possibly_damaging - score 0.83	add to survival plot
chr17:g.7673781C>G	Substitution	Missense TP53 R280T	18 / 1,365,1.32%	18 / 11,519	VEP: MODERATE, SIFT: deleterious - score 0, PolyPhen: probably_damaging - score 0.947	add to survival plot
chr17:g.7675136G>A	Substitution	Missense TP53 A159V	17 / 1,365,1.25%	17 / 11,519	VEP: MODERATE, SIFT: deleterious - score 0, PolyPhen: possibly_damaging - score 0.9	add to survival plot
chr17:g.7674250C>A	Substitution	Missense TP53 C238F	15 / 1,365,1.10%	15 / 11,519	VEP: MODERATE, SIFT: deleterious - score 0, PolyPhen: probably_damaging - score 1	add to survival plot
chr22:g.41169525G>A	Substitution	Missense EP300 D1399N	14 / 1,365,1.03%	14 / 11,519	VEP: MODERATE, PolyPhen: probably_damaging - score 1	add to survival plot
chr17:g.7675216C>G	Substitution	Missense TP53 K132N	14 / 1,365,1.03%	14 / 11,519	VEP: MODERATE, SIFT: deleterious - score 0, PolyPhen: probably_damaging - score 1	add to survival plot
chr17:g.7673788G>A	Substitution	Missense TP53 P278S	14 / 1,365,1.03%	14 / 11,519	VEP: MODERATE, SIFT: deleterious - score 0.03, PolyPhen: probably_damaging - score 1	add to survival plot
chr17:g.7673809C>T	Substitution	Missense TP53 E271K	13 / 1,365,0.95%	13 / 11,519	VEP: MODERATE, SIFT: deleterious - score 0, PolyPhen: probably_damaging - score 0.999	add to survival plot
chr7:g.148787094G>A	Substitution	Missense CUL1 E485K	10 / 1,365,0.73%	10 / 11,519	VEP: MODERATE, SIFT: deleterious - score 0, PolyPhen: probably_damaging - score 0.991	add to survival plot
chr8:g.127738699C>T	Substitution	Missense MYC S161L	10 / 1,365,0.73%	10 / 11,519	VEP: MODERATE, SIFT: deleterious - score 0, PolyPhen: possibly_damaging - score 0.888	add to survival plot
chr16:g.3738617G>A	Substitution	Missense CREBBP R1446C	9 / 1,365,0.66%	9 / 11,519	VEP: MODERATE, PolyPhen: unknown - score 0	add to survival plot
chr3:g.179234176G>C	Substitution	Missense PIK3CA G1007R	6 / 1,365,0.44%	6 / 11,519	VEP: MODERATE, SIFT: tolerated - score 0.1, PolyPhen: possibly_damaging - score 0.817	add to survival plot
chr3:g.179203761T>G	Substitution	Missense PIK3CA V344G	6 / 1,365,0.44%	6 / 11,519	VEP: MODERATE, SIFT: deleterious - score 0, PolyPhen: probably_damaging - score 0.987	add to survival plot
chr3:g.179210186G>A	Substitution	Missense PIK3CA E418K	5 / 1,365,0.37%	5 / 11,519	VEP: MODERATE, SIFT: tolerated - score 0.06, PolyPhen: possibly_damaging - score 0.886	add to survival plot
chr22:g.41172586G>A	Substitution	Missense EP300 E1514K	4 / 1,365,0.29%	4 / 11,519	VEP: MODERATE, PolyPhen: probably_damaging - score 0.995	add to survival plot
chr11:g.65713787G>A	Substitution	Missense KAT5 R210H	3 / 1,365,0.22%	3 / 11,519	VEP: MODERATE, SIFT: tolerated - score 0.13, PolyPhen: benign - score 0.022	add to survival plot
chr11:g.35206118C>T	Substitution	Missense CD44 S430L	3 / 1,365,0.22%	3 / 11,519	VEP: MODERATE, SIFT: deleterious - score 0.02, PolyPhen: benign - score 0.164	add to survival plot
chr10:g.60794092C>T	Substitution	3 Prime UTR CDK1	3 / 1,365,0.22%	3 / 11,519	VEP: MODIFIER	add to survival plot
chr3:g.179199048C>G	Substitution	Missense PIK3CA Q75E	3 / 1,365,0.22%	3 / 11,519	VEP: MODERATE, SIFT: deleterious - score 0.01, PolyPhen: possibly_damaging - score 0.872	add to survival plot
chr15:g.67190505C>T	Substitution	Missense SMAD3 S416F	3 / 1,365,0.22%	3 / 11,519	VEP: MODERATE, SIFT: deleterious - score 0, PolyPhen: possibly_damaging - score 0.807	add to survival plot
chr7:g.148786567G>A	Substitution	Missense CUL1 E439K	2 / 1,365,0.15%	2 / 11,519	VEP: MODERATE, SIFT: deleterious - score 0, PolyPhen: probably_damaging - score 0.946	add to survival plot
chr22:g.41160723G>A	Substitution	Splice Donor EP300 X1224_splice	2 / 1,365,0.15%	2 / 11,519	VEP: HIGH	add to survival plot
chr9:g.136518232C>T	Substitution	Missense NOTCH1 C387Y	2 / 1,365,0.15%	2 / 11,519	VEP: MODERATE, SIFT: deleterious - score 0, PolyPhen: probably_damaging - score 0.999	add to survival plot
chr9:g.136516000G>T	Substitution	Stop Gained NOTCH1 Y550*	2 / 1,365,0.15%	2 / 11,519	VEP: HIGH	add to survival plot
chr17:g.78358641G>A	Substitution	Missense SOCS3 S152F	2 / 1,365,0.15%	2 / 11,519	VEP: MODERATE, SIFT: tolerated - score 0.11, PolyPhen: benign - score 0.003	add to survival plot
chr19:g.52226009C>T	Substitution	3 Prime UTR PPP2R1A	2 / 1,365,0.15%	2 / 11,519	VEP: MODIFIER	add to survival plot
chr8:g.140864347C>T	Substitution	Missense PTK2 E139K	2 / 1,365,0.15%	2 / 11,519	VEP: MODERATE, SIFT: tolerated - score 0.46, PolyPhen: benign - score 0.048	add to survival plot
chr22:g.41170517G>C	Substitution	Missense EP300 W1466C	2 / 1,365,0.15%	2 / 11,519	VEP: MODERATE, PolyPhen: probably_damaging - score 1	add to survival plot