Gene ID	Symbol	Name	Cytoband	# SSM Affected Cases in Cohort	# SSM Affected Cases Across the GDC	# CNV Gain	# CNV Loss	# Mutations	Annotations	Survival
ENSG00000141510	TP53	tumor protein p53	17p13.1	370 / 503 (73.56%)	4,089 / 11,519	3 / 515 (0.58%)	19 / 515 (3.69%)	291	Cancer Gene Census	add to survival plot
ENSG00000148400	NOTCH1	notch 1	9q34.3	98 / 503 (19.48%)	529 / 11,519	24 / 515 (4.66%)	26 / 515 (5.05%)	105	Cancer Gene Census	add to survival plot
ENSG00000121879	PIK3CA	phosphatidylinositol-4,5-bisphosphate 3-kinase, catalytic subunit alpha	3q26.32	92 / 503 (18.29%)	1,416 / 11,519	140 / 515 (27.18%)	14 / 515 (2.72%)	36	Cancer Gene Census	add to survival plot
ENSG00000100393	EP300	E1A binding protein p300	22q13.2	40 / 503 (7.95%)	533 / 11,519	8 / 515 (1.55%)	9 / 515 (1.75%)	34	Cancer Gene Census	add to survival plot
ENSG00000005339	CREBBP	CREB binding protein	16p13.3	36 / 503 (7.16%)	604 / 11,519	16 / 515 (3.11%)	14 / 515 (2.72%)	43	Cancer Gene Census	add to survival plot
ENSG00000174775	HRAS	Harvey rat sarcoma viral oncogene homolog	11p15.5	34 / 503 (6.76%)	161 / 11,519	16 / 515 (3.11%)	22 / 515 (4.27%)	17	Cancer Gene Census	add to survival plot
ENSG00000136869	TLR4	toll-like receptor 4	9q33.1	22 / 503 (4.37%)	427 / 11,519	18 / 515 (3.50%)	5 / 515 (0.97%)	25		add to survival plot
ENSG00000146648	EGFR	epidermal growth factor receptor	7p11.2	21 / 503 (4.17%)	577 / 11,519	62 / 515 (12.04%)	7 / 515 (1.36%)	23	Cancer Gene Census	add to survival plot
ENSG00000115414	FN1	fibronectin 1	2q35	21 / 503 (4.17%)	552 / 11,519	4 / 515 (0.78%)	92 / 515 (17.86%)	22		add to survival plot
ENSG00000149311	ATM	ATM serine/threonine kinase	11q22.3	19 / 503 (3.78%)	669 / 11,519	8 / 515 (1.55%)	55 / 515 (10.68%)	20	Cancer Gene Census	add to survival plot
ENSG00000067369	TP53BP1	tumor protein p53 binding protein 1	15q15.3	19 / 503 (3.78%)	353 / 11,519	7 / 515 (1.36%)	16 / 515 (3.11%)	21		add to survival plot
ENSG00000171862	PTEN	phosphatase and tensin homolog	10q23.31	17 / 503 (3.38%)	1,037 / 11,519	5 / 515 (0.97%)	33 / 515 (6.41%)	16	Cancer Gene Census	add to survival plot
ENSG00000181222	POLR2A	polymerase (RNA) II (DNA directed) polypeptide A, 220kDa	17p13.1	15 / 503 (2.98%)	317 / 11,519	3 / 515 (0.58%)	13 / 515 (2.52%)	15		add to survival plot
ENSG00000141646	SMAD4	SMAD family member 4	18q21.2	13 / 503 (2.58%)	366 / 11,519	3 / 515 (0.58%)	37 / 515 (7.18%)	13	Cancer Gene Census	add to survival plot
ENSG00000012048	BRCA1	breast cancer 1, early onset	17q21.31	13 / 503 (2.58%)	341 / 11,519	7 / 515 (1.36%)	10 / 515 (1.94%)	14	Cancer Gene Census	add to survival plot
ENSG00000138798	EGF	epidermal growth factor	4q25	12 / 503 (2.39%)	289 / 11,519	11 / 515 (2.14%)	4 / 515 (0.78%)	12		add to survival plot
ENSG00000019991	HGF	hepatocyte growth factor (hepapoietin A; scatter factor)	7q21.11	12 / 503 (2.39%)	372 / 11,519	16 / 515 (3.11%)	16 / 515 (3.11%)	14		add to survival plot
ENSG00000141736	ERBB2	erb-b2 receptor tyrosine kinase 2	17q12	12 / 503 (2.39%)	362 / 11,519	19 / 515 (3.69%)	6 / 515 (1.17%)	13	Cancer Gene Census	add to survival plot
ENSG00000115415	STAT1	signal transducer and activator of transcription 1, 91kDa	2q32.2	11 / 503 (2.19%)	212 / 11,519	32 / 515 (6.21%)	20 / 515 (3.88%)	12		add to survival plot
ENSG00000169398	PTK2	protein tyrosine kinase 2	8q24.3	11 / 503 (2.19%)	252 / 11,519	59 / 515 (11.46%)	5 / 515 (0.97%)	12		add to survival plot
ENSG00000163631	ALB	albumin	4q13.3	11 / 503 (2.19%)	265 / 11,519	32 / 515 (6.21%)	3 / 515 (0.58%)	14		add to survival plot
ENSG00000055130	CUL1	cullin 1	7q36.1	10 / 503 (1.99%)	211 / 11,519	8 / 515 (1.55%)	86 / 515 (16.70%)	12		add to survival plot
ENSG00000172977	KAT5	K(lysine) acetyltransferase 5	11q13.1	9 / 503 (1.79%)	126 / 11,519	107 / 515 (20.78%)	10 / 515 (1.94%)	9		add to survival plot
ENSG00000090339	ICAM1	intercellular adhesion molecule 1	19p13.2	9 / 503 (1.79%)	126 / 11,519	18 / 515 (3.50%)	18 / 515 (3.50%)	9		add to survival plot
ENSG00000142192	APP	amyloid beta (A4) precursor protein	21q21.3	9 / 503 (1.79%)	213 / 11,519	6 / 515 (1.17%)	14 / 515 (2.72%)	9		add to survival plot
ENSG00000166710	B2M	beta-2-microglobulin	15q21.1	9 / 503 (1.79%)	176 / 11,519	6 / 515 (1.17%)	16 / 515 (3.11%)	9		add to survival plot
ENSG00000096968	JAK2	Janus kinase 2	9p24.1	9 / 503 (1.79%)	230 / 11,519	35 / 515 (6.80%)	15 / 515 (2.91%)	9	Cancer Gene Census	add to survival plot
ENSG00000100030	MAPK1	mitogen-activated protein kinase 1	22q11.22	8 / 503 (1.59%)	138 / 11,519	26 / 515 (5.05%)	7 / 515 (1.36%)	3		add to survival plot
ENSG00000162434	JAK1	Janus kinase 1	1p31.3	8 / 503 (1.59%)	307 / 11,519	11 / 515 (2.14%)	19 / 515 (3.69%)	8	Cancer Gene Census	add to survival plot
ENSG00000105568	PPP2R1A	protein phosphatase 2, regulatory subunit A, alpha	19q13.41	8 / 503 (1.59%)	275 / 11,519	18 / 515 (3.50%)	11 / 515 (2.14%)	8	Cancer Gene Census	add to survival plot
ENSG00000156970	BUB1B	BUB1 mitotic checkpoint serine/threonine kinase B	15q15.1	7 / 503 (1.39%)	160 / 11,519	7 / 515 (1.36%)	18 / 515 (3.50%)	7	Cancer Gene Census	add to survival plot
ENSG00000136997	MYC	v-myc avian myelocytomatosis viral oncogene homolog	8q24.21	7 / 503 (1.39%)	160 / 11,519	77 / 515 (14.95%)	3 / 515 (0.58%)	5	Cancer Gene Census	add to survival plot
ENSG00000162521	RBBP4	retinoblastoma binding protein 4	1p35.1	7 / 503 (1.39%)	192 / 11,519	18 / 515 (3.50%)	17 / 515 (3.30%)	8		add to survival plot
ENSG00000168610	STAT3	signal transducer and activator of transcription 3 (acute-phase response factor)	17q21.2	7 / 503 (1.39%)	239 / 11,519	8 / 515 (1.55%)	8 / 515 (1.55%)	7	Cancer Gene Census	add to survival plot
ENSG00000168036	CTNNB1	catenin (cadherin-associated protein), beta 1, 88kDa	3p22.1	7 / 503 (1.39%)	498 / 11,519	3 / 515 (0.58%)	21 / 515 (4.08%)	8	Cancer Gene Census	add to survival plot
ENSG00000091831	ESR1	estrogen receptor 1	6q25.1, 6q25.2	7 / 503 (1.39%)	238 / 11,519	10 / 515 (1.94%)	10 / 515 (1.94%)	7	Cancer Gene Census	add to survival plot
ENSG00000126456	IRF3	interferon regulatory factor 3	19q13.33	6 / 503 (1.19%)	105 / 11,519	15 / 515 (2.91%)	10 / 515 (1.94%)	8		add to survival plot
ENSG00000166949	SMAD3	SMAD family member 3	15q22.33	6 / 503 (1.19%)	180 / 11,519	14 / 515 (2.72%)	13 / 515 (2.52%)	6	Cancer Gene Census	add to survival plot
ENSG00000039068	CDH1	cadherin 1, type 1, E-cadherin (epithelial)	16q22.1	6 / 503 (1.19%)	397 / 11,519	8 / 515 (1.55%)	11 / 515 (2.14%)	6	Cancer Gene Census	add to survival plot
ENSG00000100387	RBX1	ring-box 1, E3 ubiquitin protein ligase	22q13.2	6 / 503 (1.19%)	35 / 11,519	8 / 515 (1.55%)	8 / 515 (1.55%)	6		add to survival plot
ENSG00000182866	LCK	LCK proto-oncogene, Src family tyrosine kinase	1p35.2	6 / 503 (1.19%)	158 / 11,519	15 / 515 (2.91%)	19 / 515 (3.69%)	8	Cancer Gene Census	add to survival plot
ENSG00000163918	RFC4	replication factor C (activator 1) 4, 37kDa	3q27.3	6 / 503 (1.19%)	113 / 11,519	129 / 515 (25.05%)	1 / 515 (0.19%)	6		add to survival plot
ENSG00000026508	CD44	CD44 molecule (Indian blood group)	11p13	6 / 503 (1.19%)	145 / 11,519	38 / 515 (7.38%)	1 / 515 (0.19%)	6		add to survival plot
ENSG00000126561	STAT5A	signal transducer and activator of transcription 5A	17q21.2	6 / 503 (1.19%)	146 / 11,519	8 / 515 (1.55%)	8 / 515 (1.55%)	7		add to survival plot
ENSG00000109320	NFKB1	nuclear factor of kappa light polypeptide gene enhancer in B-cells 1	4q24	5 / 503 (0.99%)	170 / 11,519	9 / 515 (1.75%)	7 / 515 (1.36%)	5		add to survival plot
ENSG00000110092	CCND1	cyclin D1	11q13.3	5 / 503 (0.99%)	165 / 11,519	173 / 515 (33.59%)	5 / 515 (0.97%)	5	Cancer Gene Census	add to survival plot
ENSG00000109471	IL2	interleukin 2	4q27	5 / 503 (0.99%)	50 / 11,519	12 / 515 (2.33%)	6 / 515 (1.17%)	5	Cancer Gene Census	add to survival plot
ENSG00000114166	KAT2B	K(lysine) acetyltransferase 2B	3p24.3	5 / 503 (0.99%)	204 / 11,519	2 / 515 (0.39%)	11 / 515 (2.14%)	5		add to survival plot
ENSG00000142208	AKT1	v-akt murine thymoma viral oncogene homolog 1	14q32.33	5 / 503 (0.99%)	160 / 11,519	30 / 515 (5.83%)	23 / 515 (4.47%)	5	Cancer Gene Census	add to survival plot
ENSG00000107562	CXCL12	chemokine (C-X-C motif) ligand 12	10q11.21	5 / 503 (0.99%)	159 / 11,519	20 / 515 (3.88%)	10 / 515 (1.94%)	5		add to survival plot
ENSG00000117399	CDC20	cell division cycle 20	1p34.2	5 / 503 (0.99%)	155 / 11,519	23 / 515 (4.47%)	7 / 515 (1.36%)	5		add to survival plot
ENSG00000196591	HDAC2	histone deacetylase 2	6q21	4 / 503 (0.80%)	125 / 11,519	7 / 515 (1.36%)	10 / 515 (1.94%)	5		add to survival plot
ENSG00000111640	GAPDH	glyceraldehyde-3-phosphate dehydrogenase	12p13.31	4 / 503 (0.80%)	83 / 11,519	27 / 515 (5.24%)	10 / 515 (1.94%)	4		add to survival plot
ENSG00000170312	CDK1	cyclin-dependent kinase 1	10q21.2	4 / 503 (0.80%)	87 / 11,519	11 / 515 (2.14%)	10 / 515 (1.94%)	4		add to survival plot
ENSG00000094804	CDC6	cell division cycle 6	17q21.2	4 / 503 (0.80%)	104 / 11,519	13 / 515 (2.52%)	7 / 515 (1.36%)	4		add to survival plot
ENSG00000169083	AR	androgen receptor	Xq12	4 / 503 (0.80%)	336 / 11,519	8 / 515 (1.55%)	4 / 515 (0.78%)	4	Cancer Gene Census	add to survival plot
ENSG00000166851	PLK1	polo-like kinase 1	16p12.2	4 / 503 (0.80%)	165 / 11,519	7 / 515 (1.36%)	9 / 515 (1.75%)	4		add to survival plot
ENSG00000164305	CASP3	caspase 3, apoptosis-related cysteine peptidase	4q35.1	3 / 503 (0.60%)	87 / 11,519	10 / 515 (1.94%)	48 / 515 (9.32%)	3		add to survival plot
ENSG00000108691	CCL2	chemokine (C-C motif) ligand 2	17q12	3 / 503 (0.60%)	50 / 11,519	11 / 515 (2.14%)	10 / 515 (1.94%)	3		add to survival plot
ENSG00000178999	AURKB	aurora kinase B	17p13.1	3 / 503 (0.60%)	75 / 11,519	4 / 515 (0.78%)	11 / 515 (2.14%)	3		add to survival plot
ENSG00000106462	EZH2	enhancer of zeste 2 polycomb repressive complex 2 subunit	7q36.1	3 / 503 (0.60%)	210 / 11,519	8 / 515 (1.55%)	86 / 515 (16.70%)	3	Cancer Gene Census	add to survival plot
ENSG00000107643	MAPK8	mitogen-activated protein kinase 8	10q11.22	3 / 503 (0.60%)	123 / 11,519	12 / 515 (2.33%)	12 / 515 (2.33%)	3		add to survival plot
ENSG00000135679	MDM2	MDM2 proto-oncogene, E3 ubiquitin protein ligase	12q15	3 / 503 (0.60%)	111 / 11,519	27 / 515 (5.24%)	10 / 515 (1.94%)	3	Cancer Gene Census	add to survival plot
ENSG00000103275	UBE2I	ubiquitin-conjugating enzyme E2I	16p13.3	3 / 503 (0.60%)	97 / 11,519	14 / 515 (2.72%)	14 / 515 (2.72%)	3		add to survival plot
ENSG00000017427	IGF1	insulin-like growth factor 1 (somatomedin C)	12q23.2	3 / 503 (0.60%)	100 / 11,519	7 / 515 (1.36%)	18 / 515 (3.50%)	3		add to survival plot
ENSG00000138160	KIF11	kinesin family member 11	10q23.33	3 / 503 (0.60%)	137 / 11,519	3 / 515 (0.58%)	21 / 515 (4.08%)	5		add to survival plot
ENSG00000136244	IL6	interleukin 6	7p15.3	3 / 503 (0.60%)	96 / 11,519	11 / 515 (2.14%)	7 / 515 (1.36%)	3		add to survival plot
ENSG00000125538	IL1B	interleukin 1, beta	2q14.1	3 / 503 (0.60%)	97 / 11,519	27 / 515 (5.24%)	6 / 515 (1.17%)	3		add to survival plot
ENSG00000164109	MAD2L1	MAD2 mitotic arrest deficient-like 1 (yeast)	4q27	2 / 503 (0.40%)	64 / 11,519	11 / 515 (2.14%)	6 / 515 (1.17%)	2		add to survival plot
ENSG00000149554	CHEK1	checkpoint kinase 1	11q24.2	2 / 503 (0.40%)	113 / 11,519	10 / 515 (1.94%)	51 / 515 (9.90%)	2		add to survival plot
ENSG00000112715	VEGFA	vascular endothelial growth factor A	6p21.1	2 / 503 (0.40%)	194 / 11,519	17 / 515 (3.30%)	6 / 515 (1.17%)	2		add to survival plot
ENSG00000100985	MMP9	matrix metallopeptidase 9	20q13.12	2 / 503 (0.40%)	203 / 11,519	1 / 515 (0.19%)	7 / 515 (1.36%)	2		add to survival plot
ENSG00000133703	KRAS	Kirsten rat sarcoma viral oncogene homolog	12p12.1	2 / 503 (0.40%)	1,090 / 11,519	12 / 515 (2.33%)	7 / 515 (1.36%)	2	Cancer Gene Census	add to survival plot
ENSG00000134057	CCNB1	cyclin B1	5q13.2	2 / 503 (0.40%)	83 / 11,519	2 / 515 (0.39%)	31 / 515 (6.02%)	2		add to survival plot
ENSG00000197122	SRC	SRC proto-oncogene, non-receptor tyrosine kinase	20q11.23	2 / 503 (0.40%)	136 / 11,519	8 / 515 (1.55%)	7 / 515 (1.36%)	2		add to survival plot
ENSG00000145386	CCNA2	cyclin A2	4q27	2 / 503 (0.40%)	95 / 11,519	13 / 515 (2.52%)	6 / 515 (1.17%)	2		add to survival plot
ENSG00000117748	RPA2	replication protein A2, 32kDa	1p35.3	2 / 503 (0.40%)	71 / 11,519	8 / 515 (1.55%)	24 / 515 (4.66%)	2		add to survival plot
ENSG00000177606	JUN	jun proto-oncogene	1p32.1	2 / 503 (0.40%)	129 / 11,519	12 / 515 (2.33%)	15 / 515 (2.91%)	2	Cancer Gene Census	add to survival plot
ENSG00000184557	SOCS3	suppressor of cytokine signaling 3	17q25.3	2 / 503 (0.40%)	74 / 11,519	27 / 515 (5.24%)	17 / 515 (3.30%)	2		add to survival plot
ENSG00000096717	SIRT1	sirtuin 1	10q21.3	2 / 503 (0.40%)	141 / 11,519	8 / 515 (1.55%)	10 / 515 (1.94%)	2		add to survival plot
ENSG00000138685	FGF2	fibroblast growth factor 2 (basic)	4q28.1	2 / 503 (0.40%)	98 / 11,519	12 / 515 (2.33%)	7 / 515 (1.36%)	2		add to survival plot
ENSG00000113520	IL4	interleukin 4	5q31.1	1 / 503 (0.20%)	44 / 11,519	6 / 515 (1.17%)	16 / 515 (3.11%)	1		add to survival plot
ENSG00000169429	CXCL8	chemokine (C-X-C motif) ligand 8	4q13.3	1 / 503 (0.20%)	52 / 11,519	34 / 515 (6.60%)	4 / 515 (0.78%)	1		add to survival plot
ENSG00000204264	PSMB8	proteasome (prosome, macropain) subunit, beta type, 8	6p21.32	1 / 503 (0.20%)	107 / 11,519	12 / 515 (2.33%)	16 / 515 (3.11%)	1		add to survival plot
ENSG00000136634	IL10	interleukin 10	1q32.1	1 / 503 (0.20%)	71 / 11,519	13 / 515 (2.52%)	0 / 515 (0.00%)	1		add to survival plot
ENSG00000213281	NRAS	neuroblastoma RAS viral (v-ras) oncogene homolog	1p13.2	1 / 503 (0.20%)	533 / 11,519	2 / 515 (0.39%)	71 / 515 (13.79%)	1	Cancer Gene Census	add to survival plot
ENSG00000051180	RAD51	RAD51 recombinase	15q15.1	1 / 503 (0.20%)	68 / 11,519	8 / 515 (1.55%)	20 / 515 (3.88%)	1		add to survival plot
ENSG00000102882	MAPK3	mitogen-activated protein kinase 3	16p11.2	1 / 503 (0.20%)	98 / 11,519	9 / 515 (1.75%)	6 / 515 (1.17%)	1		add to survival plot
ENSG00000132646	PCNA	proliferating cell nuclear antigen	20p12.3	1 / 503 (0.20%)	59 / 11,519	12 / 515 (2.33%)	14 / 515 (2.72%)	1		add to survival plot
ENSG00000164400	CSF2	colony stimulating factor 2 (granulocyte-macrophage)	5q31.1	1 / 503 (0.20%)	41 / 11,519	6 / 515 (1.17%)	14 / 515 (2.72%)	1		add to survival plot
ENSG00000123374	CDK2	cyclin-dependent kinase 2	12q13.2	1 / 503 (0.20%)	72 / 11,519	7 / 515 (1.36%)	11 / 515 (2.14%)	1		add to survival plot
ENSG00000087586	AURKA	aurora kinase A	20q13.2	1 / 503 (0.20%)	70 / 11,519	5 / 515 (0.97%)	6 / 515 (1.17%)	1		add to survival plot
ENSG00000188486	H2AFX	H2A histone family, member X	11q23.3	1 / 503 (0.20%)	63 / 11,519	9 / 515 (1.75%)	59 / 515 (11.46%)	1		add to survival plot
ENSG00000175063	UBE2C	ubiquitin-conjugating enzyme E2C	20q13.12	1 / 503 (0.20%)	78 / 11,519	2 / 515 (0.39%)	7 / 515 (1.36%)	1		add to survival plot
ENSG00000232810	TNF	tumor necrosis factor	6p21.33	1 / 503 (0.20%)	69 / 11,519	12 / 515 (2.33%)	16 / 515 (3.11%)	1		add to survival plot
ENSG00000116478	HDAC1	histone deacetylase 1	1p35.2, 1p35.1	1 / 503 (0.20%)	98 / 11,519	17 / 515 (3.30%)	18 / 515 (3.50%)	1		add to survival plot
ENSG00000157456	CCNB2	cyclin B2	15q22.2	0 / 503 (0.00%)	60 / 11,519	9 / 515 (1.75%)	9 / 515 (1.75%)	0		add to survival plot
ENSG00000116030	SUMO1	small ubiquitin-like modifier 1	2q33.1	0 / 503 (0.00%)	52 / 11,519	18 / 515 (3.50%)	58 / 515 (11.26%)	0		add to survival plot
ENSG00000179295	PTPN11	protein tyrosine phosphatase, non-receptor type 11	12q24.13	0 / 503 (0.00%)	209 / 11,519	4 / 515 (0.78%)	16 / 515 (3.11%)	0	Cancer Gene Census	add to survival plot
ENSG00000124762	CDKN1A	cyclin-dependent kinase inhibitor 1A (p21, Cip1)	6p21.2	0 / 503 (0.00%)	132 / 11,519	9 / 515 (1.75%)	12 / 515 (2.33%)	0		add to survival plot