Gene ID	Symbol	Name	Cytoband	# SSM Affected Cases in Cohort	# SSM Affected Cases Across the GDC	# CNV Gain	# CNV Loss	# Mutations	Annotations	Survival
ENSG00000121879	PIK3CA	phosphatidylinositol-4,5-bisphosphate 3-kinase, catalytic subunit alpha	3q26.32	850 / 1,365 (62.27%)	1,416 / 11,519	131 / 1,307 (10.02%)	18 / 1,307 (1.38%)	13	Cancer Gene Census	add to survival plot
ENSG00000141510	TP53	tumor protein p53	17p13.1	318 / 1,365 (23.30%)	4,089 / 11,519	2 / 1,307 (0.15%)	20 / 1,307 (1.53%)	12	Cancer Gene Census	add to survival plot
ENSG00000171862	PTEN	phosphatase and tensin homolog	10q23.31	80 / 1,365 (5.86%)	1,037 / 11,519	0 / 1,307 (0.00%)	7 / 1,307 (0.54%)	2	Cancer Gene Census	add to survival plot
ENSG00000142208	AKT1	v-akt murine thymoma viral oncogene homolog 1	14q32.33	53 / 1,365 (3.88%)	160 / 11,519	6 / 1,307 (0.46%)	2 / 1,307 (0.15%)	1	Cancer Gene Census	add to survival plot
ENSG00000141736	ERBB2	erb-b2 receptor tyrosine kinase 2	17q12	38 / 1,365 (2.78%)	362 / 11,519	6 / 1,307 (0.46%)	1 / 1,307 (0.08%)	1	Cancer Gene Census	add to survival plot
ENSG00000166710	B2M	beta-2-microglobulin	15q21.1	31 / 1,365 (2.27%)	176 / 11,519	0 / 1,307 (0.00%)	9 / 1,307 (0.69%)	1		add to survival plot
ENSG00000100393	EP300	E1A binding protein p300	22q13.2	22 / 1,365 (1.61%)	533 / 11,519	1 / 1,307 (0.08%)	0 / 1,307 (0.00%)	4	Cancer Gene Census	add to survival plot
ENSG00000141646	SMAD4	SMAD family member 4	18q21.2	21 / 1,365 (1.54%)	366 / 11,519	0 / 1,307 (0.00%)	2 / 1,307 (0.15%)	1	Cancer Gene Census	add to survival plot
ENSG00000100030	MAPK1	mitogen-activated protein kinase 1	22q11.22	18 / 1,365 (1.32%)	138 / 11,519	1 / 1,307 (0.08%)	0 / 1,307 (0.00%)	1		add to survival plot
ENSG00000055130	CUL1	cullin 1	7q36.1	12 / 1,365 (0.88%)	211 / 11,519	0 / 1,307 (0.00%)	1 / 1,307 (0.08%)	2		add to survival plot
ENSG00000136997	MYC	v-myc avian myelocytomatosis viral oncogene homolog	8q24.21	10 / 1,365 (0.73%)	160 / 11,519	1 / 1,307 (0.08%)	0 / 1,307 (0.00%)	1	Cancer Gene Census	add to survival plot
ENSG00000005339	CREBBP	CREB binding protein	16p13.3	9 / 1,365 (0.66%)	604 / 11,519	0 / 1,307 (0.00%)	0 / 1,307 (0.00%)	1	Cancer Gene Census	add to survival plot
ENSG00000148400	NOTCH1	notch 1	9q34.3	4 / 1,365 (0.29%)	529 / 11,519	0 / 1,307 (0.00%)	1 / 1,307 (0.08%)	2	Cancer Gene Census	add to survival plot
ENSG00000172977	KAT5	K(lysine) acetyltransferase 5	11q13.1	3 / 1,365 (0.22%)	126 / 11,519	0 / 1,307 (0.00%)	0 / 1,307 (0.00%)	1		add to survival plot
ENSG00000166949	SMAD3	SMAD family member 3	15q22.33	3 / 1,365 (0.22%)	180 / 11,519	0 / 1,307 (0.00%)	0 / 1,307 (0.00%)	1	Cancer Gene Census	add to survival plot
ENSG00000170312	CDK1	cyclin-dependent kinase 1	10q21.2	3 / 1,365 (0.22%)	87 / 11,519	0 / 1,307 (0.00%)	0 / 1,307 (0.00%)	1		add to survival plot
ENSG00000026508	CD44	CD44 molecule (Indian blood group)	11p13	3 / 1,365 (0.22%)	145 / 11,519	1 / 1,307 (0.08%)	0 / 1,307 (0.00%)	1		add to survival plot
ENSG00000169398	PTK2	protein tyrosine kinase 2	8q24.3	2 / 1,365 (0.15%)	252 / 11,519	0 / 1,307 (0.00%)	0 / 1,307 (0.00%)	1		add to survival plot
ENSG00000184557	SOCS3	suppressor of cytokine signaling 3	17q25.3	2 / 1,365 (0.15%)	74 / 11,519	0 / 1,307 (0.00%)	0 / 1,307 (0.00%)	1		add to survival plot
ENSG00000105568	PPP2R1A	protein phosphatase 2, regulatory subunit A, alpha	19q13.41	2 / 1,365 (0.15%)	275 / 11,519	0 / 1,307 (0.00%)	0 / 1,307 (0.00%)	1	Cancer Gene Census	add to survival plot